{"cameraMode":{"drawMode":0,"name":"Shaded","section":"Shading Mode"},"sceneLighting":true,"audioPlay":false,"sceneViewState":{"m_AlwaysRefresh":false,"showFog":true,"showSkybox":true,"showFlares":true,"showImageEffects":true,"showParticleSystems":true,"showVisualEffectGraphs":true,"m_FxEnabled":true},"in2DMode":false,"pivot":{"x":0.34348177909851076,"y":-1.066816806793213,"z":0.13253998756408692},"rotation":{"x":-0.12007947266101837,"y":0.8777835369110107,"z":-0.29362785816192629,"w":-0.35897067189216616},"size":3.11140513420105,"orthographic":false}